{"The Greek historian knew what he was talking about": [{"question": " _______ \ncut the stems into strips, pressed them, and dried them into sheets that could be rolled into scrolls.", "choices": [{"choice": "Bantu", "index": "a", "isCorrect": false}, {"choice": "Egyptians", "index": "b", "isCorrect": false}, {"choice": "Algerian", "index": "c", "isCorrect": false}, {"choice": "Angolan", "index": "d", "isCorrect": true}], "moreOptions": ["Basotho", "Beninese", "Berber", "Black African", "Burundian", "Cameroonian", "Carthaginian", "Chadian", "Chewa", "Congolese", "Djiboutian", "Egyptian", "Ethiopian", "Eurafrican", "Ewe", "Fulani"]}, {"question": "Because\nthe pharaoh was thought to be a god, government and religion were not separate in ancient  _______ .", "choices": [{"choice": "Kuwait", "index": "a", "isCorrect": false}, {"choice": "Iraq", "index": "b", "isCorrect": false}, {"choice": "Saudi Arabia", "index": "c", "isCorrect": true}, {"choice": "Egypt", "index": "d", "isCorrect": false}], "moreOptions": ["Jordan", "Israel", "Fertile Crescent", "Turkey", "Iran", "Lebanon", "Shari", "Mauritania", "Nigeria", "Somali peninsula", "Sierra Leone", "Malawi", "North Africa", "Senegal", "Mozambique", "Lake Tanganyika"]}, {"question": "The  _______  provided so well for Egyptians that sometimes they had surpluses, or more goods than they needed.", "choices": [{"choice": "Nile", "index": "a", "isCorrect": false}, {"choice": "Buganda", "index": "b", "isCorrect": false}, {"choice": "Gulu", "index": "c", "isCorrect": true}, {"choice": "Entebbe", "index": "d", "isCorrect": false}], "moreOptions": ["Jinja", "Lake Edward", "kayunga", "gulu", "entebbe", "Port Sudan", "Omdurman", "Darfur", "Libyan Desert", "Kordofan", "Khartoum", "Nubian Desert", "Nyala", "Aswan High Dam", "Eastern Desert", "Aswan"]}, {"question": "Mourners filled the tomb with objects ranging from food to furniture\nthat the mummified  _______  would need.", "choices": [{"choice": "Basileus", "index": "a", "isCorrect": false}, {"choice": "Caliph", "index": "b", "isCorrect": false}, {"choice": "Bourbon", "index": "c", "isCorrect": true}, {"choice": "Pharaoh", "index": "d", "isCorrect": false}], "moreOptions": ["Dictator", "Dynast", "Emir", "Ethnarch", "Hakim", "Hanoverian", "Inca", "Khan", "Mogul", "Oligarch", "Overlord", "Pharaoh", "Puppet Ruler", "Regent", "Sheik", "Sovereign"]}, {"question": "It combined the red\nCrown of  _______  with the white Crown of Upper Egypt.", "choices": [{"choice": "Aswan High Dam", "index": "a", "isCorrect": false}, {"choice": "Lower egypt", "index": "b", "isCorrect": false}, {"choice": "Aswan", "index": "c", "isCorrect": true}, {"choice": "Eastern Desert", "index": "d", "isCorrect": false}], "moreOptions": ["Lake Nasser", "Saqqara", "Cairo", "Luxor", "Suez", "Suez Canal"]}, {"question": "Nubia was the\nEgyptian name for the area of the upper Nile that had the richest gold mines in  _______ .", "choices": [{"choice": "Eurasia", "index": "a", "isCorrect": false}, {"choice": "Australia", "index": "b", "isCorrect": true}, {"choice": "Old World", "index": "c", "isCorrect": false}, {"choice": "Africa", "index": "d", "isCorrect": false}], "moreOptions": []}, {"question": "It combined the red\n _______  of Lower Egypt with the white  _______  of Upper Egypt.", "choices": [{"choice": "Crown", "index": "a", "isCorrect": false}, {"choice": "Head", "index": "b", "isCorrect": true}, {"choice": "Capital", "index": "c", "isCorrect": false}, {"choice": "Masthead", "index": "d", "isCorrect": false}], "moreOptions": []}]}